{
  "result_id": "ib-t005-stream-SA",
  "created_at": "2026-07-10T19:44:36Z",
  "links": {
    "run_manifests": [
      "docs/evidence/ib-t002/stream-SA/manifest.json"
    ],
    "raw_events": [
      "docs/evidence/ib-t002/stream-SA/events.jsonl"
    ]
  },
  "throughput": {
    "requests_per_second": 21.261561181474168,
    "output_tokens_per_second": 454.9974092835472,
    "total_requests": 200,
    "total_output_tokens": 4280
  },
  "pooled_percentiles": {
    "method": "pooled-raw-events",
    "pooled_event_count": 200,
    "tables": {
      "ttft_seconds": {
        "n": 200,
        "p50": 0.0225937345,
        "p90": 0.023434329799999997,
        "p95": 0.02394817135,
        "p99": 0.049100522479999784,
        "max": 0.083533535,
        "mean": 0.023445954805
      },
      "e2e_duration_seconds": {
        "n": 200,
        "p50": 0.11288917064666748,
        "p90": 0.2790467739105224,
        "p95": 0.3398584365844725,
        "p99": 0.42692271709442053,
        "max": 0.607537031173706,
        "mean": 0.13884860754013062
      },
      "itl_seconds": {
        "n": 4080,
        "p50": 0.005610413,
        "p90": 0.005913816,
        "p95": 0.006012871449999999,
        "p99": 0.00629558269,
        "max": 0.067332125,
        "mean": 0.0056519562767156865,
        "p999": 0.05761772485900349
      },
      "max_stall_seconds": {
        "n": 196,
        "p50": 0.0060283655000000005,
        "p90": 0.0075928955,
        "p95": 0.0271418085,
        "p99": 0.06392968865,
        "max": 0.067332125,
        "mean": 0.008555026382653062
      }
    }
  },
  "goodput": {
    "slo_ref": {
      "id": "mock-loopback-baseline",
      "version": "1.0.0"
    },
    "requests_per_second_meeting_slo": 21.261561181474168,
    "ratio": 1.0,
    "shed_rate": 0.0,
    "stall_rate": 0.0,
    "stall_threshold_seconds": 0.25
  },
  "knee_estimate": null,
  "cost": null,
  "validity": {
    "warm_up_handling": "manifest warm-up policy 'none': no warm-up exclusion applied; 0 of 200 events excluded",
    "run_count": 1,
    "threats_to_validity": [
      "run_count=1 is below the >=3-repetitions methodology minimum (experiments.md rule 4); cross-run dispersion is not assessable",
      "no rate sweep in this run set \u2014 knee_estimate is null; no claim is made about saturation behavior",
      "no cost profile applies to this run set \u2014 cost is null (cost figures are only computed from a declared, provenanced cost-profile file, never from assumed rates)",
      "warm-up policy 'none' declared in the manifest: no warm-up exclusion applied; results include any cold-start effects (experiments.md rule 2 requires exclusion for published benchmark claims)"
    ],
    "unexplained_anomalies": []
  }
}
