{
  "result_id": "ib-t010-e1-llamacpp-gateway",
  "created_at": "2026-07-11T15:20:17Z",
  "links": {
    "run_manifests": [
      "docs/evidence/ib-t010/e1-llamacpp-compare/gateway/rep-1/manifest.json",
      "docs/evidence/ib-t010/e1-llamacpp-compare/gateway/rep-2/manifest.json",
      "docs/evidence/ib-t010/e1-llamacpp-compare/gateway/rep-3/manifest.json"
    ],
    "raw_events": [
      "docs/evidence/ib-t010/e1-llamacpp-compare/gateway/rep-1/events.jsonl",
      "docs/evidence/ib-t010/e1-llamacpp-compare/gateway/rep-2/events.jsonl",
      "docs/evidence/ib-t010/e1-llamacpp-compare/gateway/rep-3/events.jsonl"
    ]
  },
  "throughput": {
    "requests_per_second": 0.5215144493197039,
    "output_tokens_per_second": 9.551701580783407,
    "total_requests": 111,
    "total_output_tokens": 2033
  },
  "pooled_percentiles": {
    "method": "pooled-raw-events",
    "pooled_event_count": 111,
    "tables": {
      "ttft_seconds": {
        "n": 111,
        "p50": 0.404151399,
        "p90": 1.843701801,
        "p95": 1.980304476,
        "p99": 2.709369400200001,
        "max": 2.941926108,
        "mean": 0.7389590502432433
      },
      "e2e_duration_seconds": {
        "n": 111,
        "p50": 1.4382569789886475,
        "p90": 2.9922590255737305,
        "p95": 3.16220760345459,
        "p99": 3.6801607131958014,
        "max": 3.713284969329834,
        "mean": 1.7190758172456209
      },
      "itl_seconds": {
        "n": 1921,
        "p50": 0.052224975,
        "p90": 0.059456338,
        "p95": 0.06507276,
        "p99": 0.15885534519999978,
        "max": 0.587774257,
        "mean": 0.056558226237896934,
        "p999": 0.46009401496000385
      },
      "max_stall_seconds": {
        "n": 111,
        "p50": 0.061103445,
        "p90": 0.176651699,
        "p95": 0.3868715345,
        "p99": 0.48068768930000016,
        "max": 0.587774257,
        "mean": 0.10191199267567569
      }
    }
  },
  "goodput": {
    "slo_ref": {
      "id": "ib-t010-e1-llamacpp-baseline",
      "version": "1.0.0"
    },
    "requests_per_second_meeting_slo": 0.5215144493197039,
    "ratio": 1.0,
    "shed_rate": 0.0,
    "stall_rate": 0.0,
    "stall_threshold_seconds": 0.8
  },
  "knee_estimate": null,
  "cost": null,
  "validity": {
    "warm_up_handling": "manifest warm-up policy 'discard-requests' (8 requests per repetition, ordered by scheduled_send_ts): 24 events excluded, 111 kept (exp-EXP-ib-t010-e1-gateway-overhead-gateway-r1/rep1: 8 excluded; exp-EXP-ib-t010-e1-gateway-overhead-gateway-r2/rep2: 8 excluded; exp-EXP-ib-t010-e1-gateway-overhead-gateway-r3/rep3: 8 excluded)",
    "run_count": 3,
    "threats_to_validity": [
      "no rate sweep in this run set \u2014 knee_estimate is null; no claim is made about saturation behavior",
      "no cost profile applies to this run set \u2014 cost is null (cost figures are only computed from a declared, provenanced cost-profile file, never from assumed rates)"
    ],
    "unexplained_anomalies": []
  }
}
