{
  "result_id": "ib-t010-e2b-overload-5x-sane",
  "created_at": "2026-07-11T15:52:18Z",
  "links": {
    "run_manifests": [
      "docs/evidence/ib-t010/e2b-overload/rep-1/manifest.json",
      "docs/evidence/ib-t010/e2b-overload/rep-2/manifest.json",
      "docs/evidence/ib-t010/e2b-overload/rep-3/manifest.json"
    ],
    "raw_events": [
      "docs/evidence/ib-t010/e2b-overload/rep-1/events.jsonl",
      "docs/evidence/ib-t010/e2b-overload/rep-2/events.jsonl",
      "docs/evidence/ib-t010/e2b-overload/rep-3/events.jsonl"
    ]
  },
  "throughput": {
    "requests_per_second": 37.35263650127497,
    "output_tokens_per_second": 287.01155507018746,
    "total_requests": 2550,
    "total_output_tokens": 4326
  },
  "pooled_percentiles": {
    "method": "pooled-raw-events",
    "pooled_event_count": 2550,
    "tables": {
      "ttft_seconds": {
        "n": 563,
        "p50": 0.095607472,
        "p90": 0.1345189944,
        "p95": 0.1456898684,
        "p99": 0.1646002277,
        "max": 0.185399972,
        "mean": 0.10202569636234457
      },
      "e2e_duration_seconds": {
        "n": 563,
        "p50": 0.16719412803649902,
        "p90": 0.2434304714202881,
        "p95": 0.27293035984039304,
        "p99": 0.3070870018005371,
        "max": 0.32907700538635254,
        "mean": 0.17350830955573127
      },
      "itl_seconds": {
        "n": 3763,
        "p50": 0.010660189,
        "p90": 0.011034969,
        "p95": 0.0111163173,
        "p99": 0.01123419844,
        "max": 0.034956745,
        "mean": 0.01067847614669147,
        "p999": 0.015606851972004768
      },
      "max_stall_seconds": {
        "n": 526,
        "p50": 0.0110151925,
        "p90": 0.011210208499999999,
        "p95": 0.011246872000000002,
        "p99": 0.011416905750000001,
        "max": 0.034956745,
        "mean": 0.011121960268060838
      }
    }
  },
  "goodput": {
    "slo_ref": {
      "id": "ib-t010-e2-baseline",
      "version": "1.0.0"
    },
    "requests_per_second_meeting_slo": 37.35263650127497,
    "ratio": 0.2207843137254902,
    "shed_rate": 0.7792156862745098,
    "stall_rate": 0.0,
    "stall_threshold_seconds": 0.1
  },
  "knee_estimate": null,
  "cost": null,
  "validity": {
    "warm_up_handling": "manifest warm-up policy 'discard-requests' (50 requests per repetition, ordered by scheduled_send_ts): 150 events excluded, 2550 kept (ib-t010-e2b-overload-r1/rep1: 50 excluded; ib-t010-e2b-overload-r2/rep2: 50 excluded; ib-t010-e2b-overload-r3/rep3: 50 excluded)",
    "run_count": 3,
    "threats_to_validity": [
      "deliberate 5x-capacity overload point (E2's own workload file reused verbatim): the elevated typed shed rate IS part of the expected trade at this shallower cap=1 queue (higher than E2's cap=3 5x shed rate of 77.53%, as this hypothesis predicted), not a failure mode being hidden; the declared gate threshold is raised to 0.95 for exactly this point, disclosed here, and the latency table below covers ACCEPTED requests only (shed requests never produce a first byte)",
      "no rate sweep in this run set \u2014 knee_estimate is null; no claim is made about saturation behavior",
      "no cost profile applies to this run set \u2014 cost is null (cost figures are only computed from a declared, provenanced cost-profile file, never from assumed rates)"
    ],
    "unexplained_anomalies": []
  }
}
