{
  "result_id": "ib-t010-e2b-baseline-1x-sane",
  "created_at": "2026-07-11T15:52:09Z",
  "links": {
    "run_manifests": [
      "docs/evidence/ib-t010/e2b-baseline/rep-1/manifest.json",
      "docs/evidence/ib-t010/e2b-baseline/rep-2/manifest.json",
      "docs/evidence/ib-t010/e2b-baseline/rep-3/manifest.json"
    ],
    "raw_events": [
      "docs/evidence/ib-t010/e2b-baseline/rep-1/events.jsonl",
      "docs/evidence/ib-t010/e2b-baseline/rep-2/events.jsonl",
      "docs/evidence/ib-t010/e2b-baseline/rep-3/events.jsonl"
    ]
  },
  "throughput": {
    "requests_per_second": 31.012239477621186,
    "output_tokens_per_second": 242.43301340972403,
    "total_requests": 900,
    "total_output_tokens": 5863
  },
  "pooled_percentiles": {
    "method": "pooled-raw-events",
    "pooled_event_count": 900,
    "tables": {
      "ttft_seconds": {
        "n": 750,
        "p50": 0.08295918899999999,
        "p90": 0.1042517382,
        "p95": 0.11555349154999996,
        "p99": 0.14021447093999997,
        "max": 0.169912868,
        "mean": 0.08829777671066666
      },
      "e2e_duration_seconds": {
        "n": 750,
        "p50": 0.1578744649887085,
        "p90": 0.22707405090332033,
        "p95": 0.24546008110046386,
        "p99": 0.26435348749160764,
        "max": 0.2780189514160156,
        "mean": 0.16121014054616292
      },
      "itl_seconds": {
        "n": 5113,
        "p50": 0.0106813,
        "p90": 0.011028950000000001,
        "p95": 0.0111194516,
        "p99": 0.01127015248,
        "max": 0.011502534,
        "mean": 0.010677128942890671,
        "p999": 0.011435002624000028
      },
      "max_stall_seconds": {
        "n": 698,
        "p50": 0.011011683,
        "p90": 0.0112348881,
        "p95": 0.0112950337,
        "p99": 0.01139296527,
        "max": 0.011502534,
        "mean": 0.010984597891117479
      }
    }
  },
  "goodput": {
    "slo_ref": {
      "id": "ib-t010-e2-baseline",
      "version": "1.0.0"
    },
    "requests_per_second_meeting_slo": 31.012239477621186,
    "ratio": 0.8333333333333334,
    "shed_rate": 0.16666666666666666,
    "stall_rate": 0.0,
    "stall_threshold_seconds": 0.1
  },
  "knee_estimate": null,
  "cost": null,
  "validity": {
    "warm_up_handling": "manifest warm-up policy 'discard-requests' (50 requests per repetition, ordered by scheduled_send_ts): 150 events excluded, 900 kept (ib-t010-e2b-baseline-r1/rep1: 50 excluded; ib-t010-e2b-baseline-r2/rep2: 50 excluded; ib-t010-e2b-baseline-r3/rep3: 50 excluded)",
    "run_count": 3,
    "threats_to_validity": [
      "capacity-boundary point: offered rate equals E2's own probe-estimated capacity (37.8072 rps, reused verbatim for single-variable purity vs the queue-cap change), so a shed rate around the E2 baseline's ~10% (here elevated further by the shallower cap=1 queue) is expected boundary behavior, not a failure; the declared gate threshold is raised to 0.20 (from the 0.05 default) for exactly this point, disclosed here",
      "no rate sweep in this run set \u2014 knee_estimate is null; no claim is made about saturation behavior",
      "no cost profile applies to this run set \u2014 cost is null (cost figures are only computed from a declared, provenanced cost-profile file, never from assumed rates)"
    ],
    "unexplained_anomalies": []
  }
}
