{
  "result_id": "ib-t010-e1-llamacpp-direct",
  "created_at": "2026-07-11T15:20:17Z",
  "links": {
    "run_manifests": [
      "docs/evidence/ib-t010/e1-llamacpp-compare/direct/rep-1/manifest.json",
      "docs/evidence/ib-t010/e1-llamacpp-compare/direct/rep-2/manifest.json",
      "docs/evidence/ib-t010/e1-llamacpp-compare/direct/rep-3/manifest.json"
    ],
    "raw_events": [
      "docs/evidence/ib-t010/e1-llamacpp-compare/direct/rep-1/events.jsonl",
      "docs/evidence/ib-t010/e1-llamacpp-compare/direct/rep-2/events.jsonl",
      "docs/evidence/ib-t010/e1-llamacpp-compare/direct/rep-3/events.jsonl"
    ]
  },
  "throughput": {
    "requests_per_second": 0.5174684050980287,
    "output_tokens_per_second": 9.510230147747555,
    "total_requests": 111,
    "total_output_tokens": 2040
  },
  "pooled_percentiles": {
    "method": "pooled-raw-events",
    "pooled_event_count": 111,
    "tables": {
      "ttft_seconds": {
        "n": 111,
        "p50": 0.520777059,
        "p90": 2.344464228,
        "p95": 2.8460753005,
        "p99": 3.9979583483000023,
        "max": 4.500949655,
        "mean": 0.9317836010090089
      },
      "e2e_duration_seconds": {
        "n": 111,
        "p50": 1.4266810417175293,
        "p90": 3.3297388553619385,
        "p95": 3.869359016418457,
        "p99": 5.1121316909790036,
        "max": 5.649663209915161,
        "mean": 1.8861962095037237
      },
      "itl_seconds": {
        "n": 1929,
        "p50": 0.052412498,
        "p90": 0.0584405316,
        "p95": 0.0615591254,
        "p99": 0.11202114052000016,
        "max": 0.516764128,
        "mean": 0.05488476965059617,
        "p999": 0.3570940535360115
      },
      "max_stall_seconds": {
        "n": 111,
        "p50": 0.06031958,
        "p90": 0.106168468,
        "p95": 0.164023377,
        "p99": 0.4389793727000006,
        "max": 0.516764128,
        "mean": 0.08071383778378378
      }
    }
  },
  "goodput": {
    "slo_ref": {
      "id": "ib-t010-e1-llamacpp-baseline",
      "version": "1.0.0"
    },
    "requests_per_second_meeting_slo": 0.5174684050980287,
    "ratio": 1.0,
    "shed_rate": 0.0,
    "stall_rate": 0.0,
    "stall_threshold_seconds": 0.8
  },
  "knee_estimate": null,
  "cost": null,
  "validity": {
    "warm_up_handling": "manifest warm-up policy 'discard-requests' (8 requests per repetition, ordered by scheduled_send_ts): 24 events excluded, 111 kept (exp-EXP-ib-t010-e1-gateway-overhead-direct-r1/rep1: 8 excluded; exp-EXP-ib-t010-e1-gateway-overhead-direct-r2/rep2: 8 excluded; exp-EXP-ib-t010-e1-gateway-overhead-direct-r3/rep3: 8 excluded)",
    "run_count": 3,
    "threats_to_validity": [
      "no rate sweep in this run set \u2014 knee_estimate is null; no claim is made about saturation behavior",
      "no cost profile applies to this run set \u2014 cost is null (cost figures are only computed from a declared, provenanced cost-profile file, never from assumed rates)"
    ],
    "unexplained_anomalies": []
  }
}
