{
  "signal": "ttft_seconds",
  "warmup_requests_excluded_per_rep": 8,
  "pooling": "raw per-request samples pooled across repetitions (never averaged percentiles); percentiles = numpy.quantile (Hyndman-Fan 7), same method as the analysis package",
  "direct": {
    "pooled": {
      "n": 111,
      "p50": 0.520777059,
      "p90": 2.344464228,
      "p95": 2.8460753005,
      "p99": 3.9979583483000023,
      "max": 4.500949655,
      "mean": 0.9317836010090089
    },
    "per_rep_p95": {
      "1": 3.700847571399998,
      "2": 2.319145332799999,
      "3": 1.7381451747999974
    },
    "per_rep_p99": {
      "1": 4.3351527674,
      "2": 2.7260716097600004,
      "3": 2.3761018879200004
    }
  },
  "gateway": {
    "pooled": {
      "n": 111,
      "p50": 0.404151399,
      "p90": 1.843701801,
      "p95": 1.980304476,
      "p99": 2.709369400200001,
      "max": 2.941926108,
      "mean": 0.7389590502432433
    },
    "per_rep_p95": {
      "1": 1.9275521022,
      "2": 2.091204067399998,
      "3": 1.9919496173999993
    },
    "per_rep_p99": {
      "1": 2.3692206577200006,
      "2": 2.7770563165200004,
      "3": 2.4940896991600003
    }
  },
  "pooled_percentile_deltas_b_minus_a": {
    "p50": -0.11662566000000002,
    "p90": -0.5007624270000002,
    "p95": -0.8657708245,
    "p99": -1.2885889481000015,
    "mean": -0.19282455076576566
  },
  "pooled_percentile_ratios_b_over_a": {
    "p50": 0.7760545362271805,
    "p95": 0.6958018558581704,
    "p99": 0.6776882508923759
  },
  "paired_per_request_delta_b_minus_a": {
    "n_pairs": 111,
    "note": "same workload version+seed in both arms => workload item i is the same prompt/length/schedule offset in both; delta = B.ttft - A.ttft per (repetition, item). Negative deltas mean the item was FASTER via B than via A on that repetition (run-to-run noise).",
    "percentiles": {
      "n": 111,
      "p50": -0.008487522999999997,
      "p90": 0.35166395500000003,
      "p95": 0.451813775,
      "p99": 0.5029501324000001,
      "max": 0.5437978370000001,
      "mean": -0.19282455076576577
    },
    "negative_fraction": 0.5765765765765766
  }
}