{
  "baseline-1x-sane": {
    "n_accepted": 809,
    "p50": 0.0836412,
    "p90": 0.1495969762,
    "p95": 0.161198562,
    "p99": 0.19606150055999993,
    "max": 0.218847991
  },
  "overload-5x-sane": {
    "n_accepted": 573,
    "p50": 0.151037668,
    "p90": 0.18967917060000003,
    "p95": 0.20176389279999998,
    "p99": 0.21933832123999997,
    "max": 0.233132654,
    "p95_vs_baseline_pct": 25.16,
    "p50_vs_baseline_pct": 80.58
  },
  "overload-5x-off": {
    "n_accepted": 2550,
    "p50": 0.082183651,
    "p90": 0.0829827957,
    "p95": 0.08322679564999999,
    "p99": 0.08407825325,
    "max": 0.101328382,
    "p95_vs_baseline_pct": -48.37,
    "p50_vs_baseline_pct": -1.74
  }
}