{
  "file": "/tmp/claude-0/-home-user-ai-infra/f9d2a869-bab7-54d8-a091-357b56be5c68/scratchpad/ib-t004-final/cancel-queued/events.jsonl",
  "events": 30,
  "status_counts": {
    "canceled": 30
  },
  "client_ttft_seconds": null,
  "client_itl_seconds_pooled": null,
  "max_stall_seconds": null,
  "client_e2e_seconds": {
    "count": 30,
    "mean": 0.0008865197499593099,
    "p50": 0.0008881092071533203,
    "p95": 0.0013971328735351562,
    "max": 0.0014410018920898438
  },
  "send_slip_seconds": {
    "count": 10,
    "mean": 0.0009184408,
    "p50": 0.000821839,
    "p95": 0.001372866,
    "max": 0.001372866
  },
  "send_slip_absent_events": 20,
  "cancellation_elapsed_seconds": {
    "count": 30,
    "mean": 3.553426666666667e-05,
    "p50": 4.3988e-05,
    "p95": 6.788e-05,
    "max": 7.8758e-05
  },
  "cancellation_tokens_at_cancel": {
    "count": 30,
    "mean": 0.0,
    "p50": 0,
    "p95": 0,
    "max": 0
  }
}
